date,value
2014-08-07,1
2014-11-06,1
2015-02-11,1
2015-05-07,1
2015-08-06,1
2015-11-05,1
2016-02-17,1
2016-05-12,1
2016-08-11,1
2016-11-10,1
2017-02-09,1
2017-05-09,1
2017-08-10,1
2017-11-09,1
2018-02-08,1
2018-05-10,1
2018-08-16,1
2018-11-15,1
2019-02-14,1
2019-05-16,1
2019-08-15,1
2019-11-14,1
2020-02-13,1
2020-05-21,1
2020-08-19,1
2020-11-18,1
2021-02-24,1
2021-05-26,1
2021-08-18,1
2021-11-17,1
2022-02-16,1
2022-05-25,1
2022-08-24,1
2022-11-16,1
2023-02-22,1
2023-05-24,1
2023-08-23,1
2023-11-21,1
2024-02-21,1
2024-05-22,1
2024-08-28,1
2024-11-20,1
2025-02-26,1
2025-05-28,1
2025-08-27,1
2025-11-19,1
2026-02-25,1
2026-05-20,1
2026-08-26,1
2026-11-17,1
